3E Halogen Free 30mm x1m Kablo Toplama Çorabı - 19,90 TL
Adidas Çocuk Fb 14 Away Jr Jsy Ss Fb Forma H78982 - 59,90 TL
Vardem Oyuncak 828 Kutulu Kovboy Set Tüfek Tabanca - 58,00 TL
Ümit 2690 Wagen 7speed Man Şehir Tur Bisikleti V 26 Jant 7 Vites - 1.091,55 TL
Solo Akıllı Çözümler Çek-Al Kağıt Havlu Kutu - 31,90 TL
Loobex Lbx-2615 Lcd Ekranlı Bebek Dinleme Telsizi Pembe - 367,99 TL
WellGro Cuddling Anne Bebek Çantası - 125,91 TL
Kare Miracle Mix Lavabo Bataryası (Kısa Boru) - 69,85 TL
Babalinbaby Lollipop Yenidoğan - 109 (0-4 Yaş) - 179,00 TL
Fono Uygulamalı Almanca Dilbilgisi - Ender Erenel - 53,13 TL
LTB Widome Erkek Mont - 299,90 TL
